Name,Year,Rating
The Matrix,1999,5.0
Spirited Away,2001,5.0
Parasite,2019,5.0
Inception,2010,4.5
Mad Max: Fury Road,2015,4.5
Get Out,2017,4.5
Blade Runner 2049,2017,5.0
Arrival,2016,4.5
Ex Machina,2014,4.5
Her,2013,4.5
The Social Network,2010,4.0
Whiplash,2014,4.5
There Will Be Blood,2007,5.0
No Country for Old Men,2007,4.5
The Dark Knight,2008,4.5
Interstellar,2014,4.0
Children of Men,2006,5.0
Moon,2009,4.0
District 9,2009,4.0
Snowpiercer,2013,3.5
The Handmaiden,2016,4.5
Oldboy,2003,4.5
Memories of Murder,2003,5.0
Decision to Leave,2022,4.0
Burning,2018,4.5
Portrait of a Lady on Fire,2019,4.5
The Favourite,2018,4.0
Phantom Thread,2017,4.0
Lady Bird,2017,4.0
The Grand Budapest Hotel,2014,4.0
Moonrise Kingdom,2012,3.5
Punch-Drunk Love,2002,4.0
Eternal Sunshine of the Spotless Mind,2004,5.0
Adaptation.,2002,4.0
Being John Malkovich,1999,4.0
Mulholland Drive,2001,4.5
Lost in Translation,2003,4.0
Amélie,2001,3.5
Pan's Labyrinth,2006,4.5
The Shape of Water,2017,3.0
"Crouching Tiger, Hidden Dragon",2000,4.5
Hero,2002,4.0
Your Name.,2016,4.5
Perfect Blue,1997,4.5
Ghost in the Shell,1995,4.5
Akira,1988,4.5
Princess Mononoke,1997,5.0
My Neighbor Totoro,1988,4.0
Grave of the Fireflies,1988,4.5
The Iron Giant,1999,4.0
Spider-Man: Into the Spider-Verse,2018,4.5
The Incredibles,2004,4.0
Toy Story,1995,3.5
WALL·E,2008,4.5
Paddington 2,2017,4.0
Shaun of the Dead,2004,4.0
Hot Fuzz,2007,4.0
The World's End,2013,3.5
Aliens,1986,4.5
Terminator 2: Judgment Day,1991,4.5
Jurassic Park,1993,4.0
Raiders of the Lost Ark,1981,4.5
Jaws,1975,4.5
Alien,1979,5.0
The Thing,1982,5.0
Halloween,1978,3.5
The Silence of the Lambs,1991,4.5
Se7en,1995,4.5
Fight Club,1999,4.0
The Usual Suspects,1995,3.5
Heat,1995,4.5
Goodfellas,1990,4.5
The Godfather,1972,5.0
Chinatown,1974,5.0
2001: A Space Odyssey,1968,5.0
Blade Runner,1982,5.0
Stalker,1979,4.5
Solaris,1972,4.0
Apocalypse Now,1979,5.0
Taxi Driver,1976,4.5
Raging Bull,1980,4.0
Psycho,1960,4.5
Vertigo,1958,4.5
Rear Window,1954,4.5
12 Angry Men,1957,4.5
Seven Samurai,1954,5.0
Persona,1966,4.0
The 400 Blows,1959,4.0
Tokyo Story,1953,4.5
Rashomon,1950,4.5
Citizen Kane,1941,4.0
Casablanca,1942,4.0
The Apartment,1960,4.5
Some Like It Hot,1959,4.0
Dune,2021,4.0
Dune: Part Two,2024,4.5
Everything Everywhere All at Once,2022,4.5
The Batman,2022,3.5
Oppenheimer,2023,4.0
Poor Things,2023,3.5
Past Lives,2023,4.0
Aftersun,2022,4.5
The Zone of Interest,2023,4.0
Anatomy of a Fall,2023,4.0
Barbie,2023,3.0
The Super Mario Bros. Movie,2023,2.0
Morbius,2022,1.0
Cats,2019,0.5
The Room,2003,0.5
Movie 43,2013,0.5
Disaster Movie,2008,0.5
Ghosts of Mars,2001,1.5
The Last Airbender,2010,1.0
Fantastic Four,2015,1.5
Justice League,2017,2.0
Suicide Squad,2016,1.5
Transformers: Revenge of the Fallen,2009,1.5
The Emoji Movie,2017,0.5
Jack and Jill,2011,1.0
Grown Ups 2,2013,1.5
Fifty Shades of Grey,2015,1.0
The Twilight Saga: New Moon,2009,2.0
Venom: Let There Be Carnage,2021,2.0
Madame Web,2024,1.0
Argylle,2024,2.0
Borderlands,2024,1.0
The Marvels,2023,2.5
Ant-Man and the Wasp: Quantumania,2023,2.0
Thor: Love and Thunder,2022,2.5
Jurassic World Dominion,2022,2.0
The Matrix Resurrections,2021,2.5
Space Jam: A New Legacy,2021,1.5
Dolittle,2020,1.5
Green Lantern,2011,1.5
Batman & Robin,1997,1.0
Superman IV: The Quest for Peace,1987,1.0
Battlefield Earth,2000,0.5
Gigli,2003,1.0
The Love Guru,2008,1.0
Norbit,2007,1.5
Crossroads,2002,2.0
Glitter,2001,1.0
From Justin to Kelly,2003,0.5
Sex and the City 2,2010,2.0
The Hangover Part III,2013,2.0
Scary Movie 5,2013,1.0
Epic Movie,2007,0.5
Meet the Spartans,2008,0.5
Date Movie,2006,1.0
Superhero Movie,2008,1.5
Paul Blart: Mall Cop 2,2015,1.5
Zookeeper,2011,2.0
The Ridiculous 6,2015,1.0
Alvin and the Chipmunks: The Squeakquel,2009,1.5
The Smurfs,2011,2.0
Sonic the Hedgehog,2020,3.0
Pokémon Detective Pikachu,2019,3.0
Ready Player One,2018,3.0
Free Guy,2021,3.0
The Adam Project,2022,2.5
Red Notice,2021,2.0
6 Underground,2019,2.5
Bright,2017,2.5
The Gray Man,2022,2.5
Extraction,2020,3.0
The Tomorrow War,2021,2.5
Moonfall,2022,1.5
Geostorm,2017,1.5
2012,2009,2.0
The Day After Tomorrow,2004,2.5
Armageddon,1998,2.5
Independence Day: Resurgence,2016,1.5
Godzilla,1998,2.0
Godzilla vs. Kong,2021,3.0
Pacific Rim,2013,3.5
Edge of Tomorrow,2014,4.5
Looper,2012,4.0
Source Code,2011,3.5
Primer,2004,4.0
Coherence,2013,4.0
Upstream Color,2013,3.5
Under the Skin,2013,4.0
Annihilation,2018,4.5
The Fountain,2006,3.5
Donnie Darko,2001,4.0
Pi,1998,3.5
Requiem for a Dream,2000,4.0
Black Swan,2010,4.0
Gone Girl,2014,4.0
Zodiac,2007,4.5
Prisoners,2013,4.0
Nightcrawler,2014,4.5
Drive,2011,4.0
Only God Forgives,2013,2.5
The Neon Demon,2016,3.0
Spring Breakers,2012,3.0
Uncut Gems,2019,4.0
Good Time,2017,4.0
The Lighthouse,2019,4.0
The Witch,2015,4.0
Hereditary,2018,4.0
Midsommar,2019,3.5
The Babadook,2014,4.0
It Follows,2014,4.0
Raw,2016,3.5
Titane,2021,3.5
Holy Motors,2012,3.5
"Synecdoche, New York",2008,4.5
The Master,2012,4.0
Inherent Vice,2014,3.5
Magnolia,1999,4.0
Boogie Nights,1997,4.5
Short Cuts,1993,3.5
Nashville,1975,4.0
The Player,1992,4.0
Gosford Park,2001,3.5
Fargo,1996,5.0
Nocturnal Animals,2016,3.5
A History of Violence,2005,4.0
Eastern Promises,2007,3.5
Crash,2004,2.0
Babel,2006,3.0
21 Grams,2003,3.0
Amores Perros,2000,4.5
Y Tu Mamá También,2001,4.0
Roma,2018,4.5
The Revenant,2015,3.5
Birdman or (The Unexpected Virtue of Ignorance),2014,4.0
The Tree of Life,2011,3.5
Knight of Cups,2015,2.5
To the Wonder,2012,2.5
Song to Song,2017,2.0
The New World,2005,3.5
The Thin Red Line,1998,4.0
Badlands,1973,4.5
Days of Heaven,1978,4.5
Barry Lyndon,1975,4.5
A Clockwork Orange,1971,4.0
The Shining,1980,5.0
Full Metal Jacket,1987,4.0
Eyes Wide Shut,1999,3.5
Paths of Glory,1957,5.0
Dr. Strangelove or: How I Learned to Stop Worrying and Love the Bomb,1964,5.0
Lolita,1962,3.5
Spartacus,1960,3.5
The Killing,1956,4.5
Kiss Me Deadly,1955,4.0
The Big Sleep,1946,4.0
Double Indemnity,1944,5.0
Sunset Boulevard,1950,5.0
All About Eve,1950,4.5
Rebecca,1940,4.0
Notorious,1946,4.5
North by Northwest,1959,4.5
The Birds,1963,3.5
Marnie,1964,3.5
Rope,1948,4.0
Strangers on a Train,1951,4.5
Shadow of a Doubt,1943,4.0
The Man Who Knew Too Much,1956,3.5
To Catch a Thief,1955,3.5
Dial M for Murder,1954,4.0
The Wrong Man,1956,3.5
Frenzy,1972,3.5
Family Plot,1976,3.0
Topaz,1969,2.5
Torn Curtain,1966,2.5
